title;description;url;image
Project 1;Đây là mô tả về dự án đầu tiên, bao gồm các tính năng và lợi ích;https://example.com/project1;1.png
Project 2;Mô tả về dự án thứ hai, tập trung vào thiết kế và trải nghiệm người dùng;https://example.com/project2;2.png
Project 3;Dự án thứ ba với các thông tin chi tiết về công nghệ và phát triển;https://example.com/project3;3.png
Project 4;Dự án thứ tư, bao gồm các giải pháp sáng tạo cho doanh nghiệp;https://example.com/project4;4.png
Project 5;Mô tả về dự án thứ năm, tập trung vào phân tích dữ liệu và báo cáo;https://example.com/project5;5.png
Project 6;Dự án thứ sáu với các tính năng bảo mật và quản lý truy cập;https://example.com/project6;6.png
Project 7;Dự án thứ bảy, bao gồm các giải pháp cho môi trường làm việc từ xa;https://example.com/project7;7.png
Project 8;Mô tả về dự án thứ tám, tập trung vào thiết kế UI/UX và trải nghiệm người dùng;https://example.com/project8;8.png
Project 9;Dự án thứ chín với các tính năng tích hợp và tự động hóa quy trình;https://example.com/project9;9.png
Project 10;Dự án thứ mười, bao gồm các giải pháp sáng tạo cho ngành công nghệ thông tin;https://example.com/project10;10.png
